Domain,Sub_domain,Question,Answer,Explanation (detailed),"Refer to, quote"
금융보안일반,전자금융보안,"전자금융데이터 보안을 위해 금융회사가 적용해야 할 암호화 방식으로 적절한 것은?
1 무선통신망 암호화
2 파일 암호화
3 블록체인 암호화
4 다크웹 암호화",2 파일 암호화,"전자금융데이터 보안을 위해 금융회사는 전자금융데이터를 안전하게 저장하기 위해 암호화를 적용해야 한다. 특히, 파일이나 로그와 같은 비정형 데이터의 경우 파일 암호화 방식을 적용하는 것이 적절하다.","금융부문 암호기술 활용 가이드 (금융보안원, 2019)"
금융보안일반,전자금융보안,"전자금융데이터 보안에서 암호화 방식에 대한 설명으로 옳은 것은?
1 정형 데이터는 파일 암호화만 가능하다.
2 비정형 데이터는 다양한 암호화 방식을 적용할 수 있다.
3 정형 데이터는 Plug-in, API, Hybrid 등의 암호화 방식을 적용할 수 있다.
4 비정형 데이터는 TDE 암호화 방식을 적용할 수 있다.","3 정형 데이터는 Plug-in, API, Hybrid 등의 암호화 방식을 적용할 수 있다.","정형 데이터는 DB와 같은 금융정보나 개인(신용)정보를 포함하며, 다양한 암호화 방식인 Plug-in, API, Hybrid, TDE, 파일 암호화 등을 적용할 수 있다. 반면, 비정형 데이터는 파일이나 로그와 같은 데이터로, API나 파일 암호화 방식이 주로 사용된다.","금융부문 암호기술 활용 가이드 (금융보안원, 2019)

---"
금융보안일반,전자금융보안,"네트워크 접근통제(NAC)에 대한 설명으로 옳지 않은 것은?
1 NAC는 네트워크에 대한 불법 접근을 방지한다.
2 NAC는 사용자 인증을 통해 네트워크 접근을 제어한다.
3 NAC는 네트워크 트래픽을 암호화하여 보호한다.
4 NAC는 네트워크에 연결된 장치의 보안 상태를 점검한다.",3 NAC는 네트워크 트래픽을 암호화하여 보호한다.,"네트워크 접근통제(NAC)는 네트워크에 대한 불법 접근을 방지하고, 사용자 인증을 통해 네트워크 접근을 제어하며, 네트워크에 연결된 장치의 보안 상태를 점검하는 역할을 한다. 그러나 NAC는 네트워크 트래픽을 암호화하는 기능을 포함하지 않는다.","금융전산자료 보호대책, 네트워크 접근통제 (NAC)"
금융보안일반,전자금융보안,"다크웹과 표적형 공격에 대한 설명으로 옳지 않은 것은?
1 다크웹은 일반적인 검색 엔진으로 접근이 가능하다.
2 표적형 공격은 특정 개인이나 조직을 목표로 한다.
3 다크웹은 익명성을 보장하는 네트워크를 사용한다.
4 표적형 공격은 주로 사회공학 기법을 활용한다.",1 다크웹은 일반적인 검색 엔진으로 접근이 가능하다.,"다크웹은 일반적인 검색 엔진으로 접근할 수 없으며, 익명성을 보장하는 특수한 네트워크를 통해서만 접근이 가능하다. 표적형 공격은 특정 개인이나 조직을 목표로 하며, 사회공학 기법을 활용하여 정보를 탈취하거나 시스템에 침투한다.","금융보안원 자료, 다크웹과 표적형 공격 관련 내용"
금융보안일반,전자금융보안,"전자금융데이터 보안에서 암호화 방식의 선택 시 고려해야 할 사항으로 가장 적절한 것은?
1 데이터의 정형 여부
2 데이터의 저장 위치
3 데이터의 전송 속도
4 데이터의 사용자 수",1 데이터의 정형 여부,"전자금융데이터 보안에서 암호화 방식을 선택할 때는 데이터의 유형에 따라 적절한 방식을 선택해야 한다. 정형 데이터(DB)와 비정형 데이터(파일, 로그 등)에 따라 적용 가능한 암호화 방식이 다르기 때문에 데이터의 정형 여부가 중요한 고려 사항이다.","""전자금융데이터 보안"", ""데이터 유형별 암호화 방식"""
금융보안일반,전자금융보안,"신용정보 보호를 위한 관리적 보안대책에 해당하지 않는 것은?
1 개인정보 보호 교육 실시
2 접근 권한 관리
3 데이터 암호화
4 보안 정책 수립",3 데이터 암호화,"신용정보 보호를 위한 관리적 보안대책은 주로 조직 내에서의 정책 수립, 교육, 접근 권한 관리 등 관리적인 측면에서의 보안 대책을 포함한다. 데이터 암호화는 기술적 보안대책에 해당한다.","""신용정보 보호"", ""관리적 보안대책"""
금융보안일반,전자금융보안,"신용정보 보호를 위한 기술적 보안대책으로 가장 적절한 것은?
1 신용정보관리·보호인 지정
2 접근통제
3 개인정보의 출력·복사 기록 관리
4 신용정보의 용도별 출력 항목 최소화",2 접근통제,신용정보 보호를 위한 기술적 보안대책에는 시스템에 대한 접근통제가 포함된다. 이는 금융회사 인프라의 전체 구간에 대해 보호대책을 수립하여 개인(신용) 정보가 처리되는 시스템에 대한 접근을 통제하는 것을 의미한다. 다른 선택지는 관리적 보안대책에 해당한다.,"신용정보의 이용 및 보호에 관한 법률, 신용정보업 감독규정"
금융보안일반,전자금융보안,"전자금융데이터 보안에서 비정형 데이터의 암호화 방식으로 적절한 것은?
1 Plug-in
2 API
3 Hybrid
4 TDE",2 API,"비정형 데이터는 파일이나 로그와 같은 데이터로, 이러한 데이터의 암호화 방식으로는 API와 파일 암호화가 적절하다. Plug-in, Hybrid, TDE는 주로 정형 데이터에 사용된다.","금융부문 암호기술 활용 가이드 (금융보안원, 2019)"
금융보안일반,전자금융보안,"금융 디지털 포렌식 기술의 주요 목적은 무엇인가?
1 전자금융데이터의 암호화
2 금융 거래의 신뢰성 확보
3 금융 데이터의 유출 방지
4 금융 범죄의 증거 수집",4 금융 범죄의 증거 수집,금융 디지털 포렌식 기술은 금융 범죄와 관련된 증거를 수집하고 분석하는 데 사용된다. 이는 금융 거래의 신뢰성 확보나 데이터 유출 방지와는 다른 목적이다.,금융 디지털 포렌식 기술
금융보안일반,전자금융보안,"전자금융거래에서 이용자 인증보안의 주요 목적은 무엇인가?
1 시스템의 성능 향상
2 정당한 이용자 확인
3 데이터 저장 용량 증가
4 네트워크 속도 개선",2 정당한 이용자 확인,"이용자 인증보안의 주요 목적은 시스템이나 네트워크에 접근하는 사용자가 정당한 이용자인지를 확인하는 것이다. 이는 전자금융서비스의 안전성과 신뢰성을 확보하기 위해 필수적인 과정이다. 따라서, 인증보안은 주로 아이디와 비밀번호를 결합한 방식으로 이루어지며, 다양한 인증수단이 사용된다.","""이용자 인증은 이용자가 시스템이나 네트워크에 접근할 때 정당한 이용자임을 입증하는 행위를 말한다.""

---"
금융보안일반,전자금융보안,"다음 중 전자금융거래 보안에서 거래 보안기술에 해당하지 않는 것은?
1 이용자 인증보안
2 단말기 영역 보호
3 데이터 압축 기술
4 이용자 입력데이터 보호",3 데이터 압축 기술,"거래 보안기술은 전자금융거래의 안전성을 확보하기 위한 다양한 기술을 포함한다. 이용자 인증보안, 단말기 영역 보호, 이용자 입력데이터 보호는 모두 거래 보안기술에 해당한다. 반면, 데이터 압축 기술은 데이터의 크기를 줄이기 위한 기술로, 보안과 직접적인 관련이 없다.","""제1절 거래 보안기술 1. 이용자 인증보안 2. 이용자 입력데이터 보호 3. 단말기 영역 보호"""
금융보안일반,전자금융보안,"전자금융거래에서 이용자 입력데이터 보호를 위한 보안기술로 적절한 것은?
1 키보드 입력값 암호화
2 네트워크 스니핑
3 키로거 설치
4 화면 캡처 허용",1 키보드 입력값 암호화,"이용자 입력데이터 보호를 위해서는 입력값이 전송되는 구간에서 암호화를 통해 데이터를 보호하는 것이 중요하다. 키보드 입력값 암호화는 이러한 보안기술 중 하나로, 입력된 데이터가 전송되는 동안 탈취되지 않도록 보호한다. 반면, 네트워크 스니핑과 키로거 설치는 보안 위협에 해당하며, 화면 캡처 허용은 보안 취약점을 초래할 수 있다.","""이용자 입력데이터에 대한 보안기술을 적용하는 영역은 PC/노트북/스마트폰과 같은 전자적 매체의 가상키패드에서부터 발생하는 입력 값이 보안프로그램 영역에 전송되어 저장되는 구간(단말기 영역)과 입력 값이 전자금융시스템까지 전송되는 구간(전송 영역)으로 구분할 수 있다.""

---"
금융보안일반,전자금융보안,"전자금융거래에서 단말기 영역 보호를 위한 보안기술로 적절한 것은?
1 입력 값 암호화
2 루팅 및 탈옥 검사
3 방화벽 설정
4 이상금융거래 모니터링",2 루팅 및 탈옥 검사,단말기 영역 보호는 스마트기기의 보안성을 강화하기 위해 루팅(Android)이나 탈옥(iOS) 여부를 검사하여 최고 관리자 권한이 부여되지 않도록 하는 방법을 포함한다. 이는 단말기에서 발생할 수 있는 보안 위협을 사전에 차단하기 위한 조치이다.,"전자금융거래 보안, 단말기 영역 보호

---"
금융보안일반,전자금융보안,"거래 보안기술 중 이용자 입력데이터 보호를 위한 방법으로 가장 적절한 것은?
1 전자금융기반시설 취약점 분석
2 캡처 방지 프로그램 사용
3 외주 보안관리
4 OSS 취약점 관리",2 캡처 방지 프로그램 사용,"이용자 입력데이터 보호를 위해서는 입력 값이 탈취되지 않도록 캡처 방지 프로그램을 사용하여 이미지 캡처를 방지하고, 클릭 시 좌표 값의 탈취를 어렵게 하는 방법을 적용할 수 있다.","거래 보안기술, 이용자 입력데이터 보호"
금융보안일반,전자금융보안,"전자금융거래의 보안 취약점 점검 및 관리에 대한 설명으로 옳은 것은?
1 전자금융거래의 보안 취약점은 매년 한 번만 점검하면 된다.
2 전자금융거래의 보안 취약점 점검은 금융회사의 자율에 맡긴다.
3 전자금융거래의 보안 취약점 점검은 법적으로 의무화되어 있다.
4 전자금융거래의 보안 취약점 점검은 외부 기관에 의해만 수행된다.",3 전자금융거래의 보안 취약점 점검은 법적으로 의무화되어 있다.,"전자금융거래의 보안 취약점 점검은 「전자금융거래법」에 따라 법적으로 의무화되어 있으며, 금융회사는 이를 통해 전자금융서비스의 안전성과 신뢰성을 확보해야 한다. 이는 금융회사의 자율에 맡기지 않고, 외부 기관에 의해서만 수행되는 것이 아니라 금융회사가 주체적으로 수행해야 하는 활동이다.","""전자금융거래법 제21조의3(전자금융기반시설의 취약점 분석·평가)에 따라 실시하는 전자금융기반시설 취약점 분석·평가""

---"
금융보안일반,전자금융보안,"다음 중 전자금융거래 보안관리 통제에 포함되지 않는 것은?
1 전자금융시스템의 보안취약점 평가
2 의심되는 전자금융거래 모니터링
3 전자금융서비스 개발 시 보안위협 사전 평가
4 전자금융거래의 모든 데이터를 외부에 공개",4 전자금융거래의 모든 데이터를 외부에 공개,"전자금융거래 보안관리 통제에는 전자금융시스템의 보안취약점 평가, 의심되는 전자금융거래 모니터링, 전자금융서비스 개발 시 보안위협 사전 평가 등이 포함된다. 그러나 전자금융거래의 모든 데이터를 외부에 공개하는 것은 보안관리 통제에 포함되지 않으며, 오히려 정보 유출을 방지하기 위한 통제가 필요하다.","""전자금융거래 보호를 위한 보안관리 통제로는 전자금융시스템 등이 보안취약점에 노출되지 않도록 지속적으로 시스템을 평가하고 관리하는 통제와 금융회사 내부에서 전자금융업무를 수행하는 직원들로부터 정보유출을 차단하기 위한 내부통제"""
금융보안일반,전자금융보안,"전자금융거래 보안에서 보안관리 통제의 주요 목적은 무엇인가?
1 전자금융시스템의 보안취약점 노출 방지
2 전자금융거래의 속도 향상
3 전자금융서비스의 사용자 편의성 증대
4 전자금융거래의 비용 절감",1 전자금융시스템의 보안취약점 노출 방지,전자금융거래 보안에서 보안관리 통제는 전자금융시스템이 보안취약점에 노출되지 않도록 지속적으로 시스템을 평가하고 관리하는 것을 주요 목적으로 한다. 이는 전자금융서비스의 안전성을 확보하기 위한 필수적인 조치이다.,"""전자금융거래 보호를 위한 보안관리 통제로는 전자금융시스템 등이 보안취약점에 노출되지 않도록 지속적으로 시스템을 평가하고 관리하는 통제와..."""
금융보안일반,전자금융보안,"외주 보안관리에서 아웃소싱 직원에게 금융회사의 시스템에 접속하는 경우 필요한 조치는?
1 별도의 물리적 PC 지급 및 단말기 보호대책 적용
2 아웃소싱 직원의 자유로운 시스템 접근 허용
3 아웃소싱 직원의 개인 장비 사용 권장
4 아웃소싱 직원의 시스템 접근 제한 없이 업무 수행",1 별도의 물리적 PC 지급 및 단말기 보호대책 적용,"외주 보안관리에서는 아웃소싱 직원이 금융회사의 시스템에 접속할 때 별도의 물리적 PC를 지급하고, NAC, 서버접근통제, 매체제어, 안티바이러스 등 단말기 보호대책을 적용해야 한다. 이는 외부 인력의 시스템 접근 시 보안을 강화하기 위한 조치이다.","""금융회사 직원과 동등한 수준의 보안통제를 적용받는 시스템운영 아웃소싱 및 보안관제 중 파견관제 아웃소싱의 경우는 아웃소싱 직원에게 금융회사의 시스템에 접속하는 별도의 물리적 PC를 지급할 경우는 단말기 보호대책..."""
금융보안일반,전자금융보안,"이상금융거래 방지대책으로 가장 적절한 것은?
1 모든 거래를 자동 승인
2 의심되는 전자금융거래 모니터링 및 차단
3 거래 내역을 전혀 기록하지 않음
4 모든 거래를 동일한 보안 수준으로 처리",2 의심되는 전자금융거래 모니터링 및 차단,이상금융거래 방지대책으로는 의심되는 전자금융거래를 모니터링하고 이를 차단하는 것이 중요하다. 이는 비정상적인 거래를 사전에 발견하고 대응하여 금융사고를 예방하는 데 필수적이다. 모든 거래를 자동 승인하거나 기록하지 않는 것은 보안에 큰 위험을 초래할 수 있다.,"""의심되는 전자금융거래를 발견하고 확인하여 비정상 전자금융거래를 차단하는 모니터링 통제..."""
금융보안일반,전자금융보안,"전자금융거래의 보안관리 통제 중에서 의심되는 전자금융거래를 발견하고 확인하여 비정상 거래를 차단하는 통제는 무엇인가?
1 내부통제
2 모니터링 통제
3 접근통제
4 정보유출 방지",2 모니터링 통제,"모니터링 통제는 의심되는 전자금융거래를 발견하고 확인하여 비정상 거래를 차단하는 역할을 한다. 이는 해킹과 같은 시스템 공격이 아닌, 거래 자체의 이상 여부를 감지하여 대응하는 방식이다.","전자금융거래 보호를 위한 보안관리 통제에는 의심되는 전자금융거래를 발견하고 확인하여 비정상 전자금융거래를 차단하는 모니터링 통제가 포함된다.

---"
금융보안일반,전자금융보안,"자체 보안성심의의 주체별 역할 중에서 사업추진부서의 역할로 옳은 것은?
1 보안리스크 평가 및 대응방안 제공
2 보안대책의 적정성 점검
3 심의대상사업에 대한 사업계획 및 보안대책 수립
4 보안성심의 결과보고서 작성",3 심의대상사업에 대한 사업계획 및 보안대책 수립,"사업추진부서는 심의대상사업에 대한 사업계획을 수립하고, 이에 따른 보안대책을 수립 및 적용하는 역할을 담당한다. 이는 전자금융감독규정에 명시된 각 호의 행위를 추진하는 실무부서의 역할이다.",자체 보안성심의 주체별 역할에서 사업추진부서는 심의대상사업에 대한 사업계획수립 및 보안대책을 수립·적용하는 역할을 수행한다.
금융보안일반,전자금융보안,"OSS(오픈소스 소프트웨어)의 보안 취약점 중 기업에서 사용하는 소프트웨어가 동일한 취약점을 가지게 되는 문제를 무엇이라 하는가?
1 취약점 상속
2 취약점 전파
3 취약점 복제
4 취약점 누적",1 취약점 상속,"OSS를 사용하는 기업의 소프트웨어는 OSS가 가진 취약점을 그대로 가지게 되며, 이를 취약점 상속이라 한다. 이는 OSS에서 취약점이 발생하면 기업의 소프트웨어도 동일한 취약점에 노출될 수 있음을 의미한다.",OSS를 사용하는 이상 OSS가 가지고 있는 취약점을 기업에서 사용하는 소프트웨어도 동일하게 가지고 있게 된다.
금융보안일반,전자금융보안,"금융권에서 클라우드 컴퓨팅 서비스를 활용하는 주요 이유로 가장 적절한 것은?
1 데이터 보안 강화
2 비용 절감 및 인프라 운영 효율성
3 고객 서비스의 개인화
4 금융 규제 준수",2 비용 절감 및 인프라 운영 효율성,"금융권에서는 클라우드 컴퓨팅 서비스를 통해 인프라 운영 비용을 절감하고, 필요한 시점에 유연하게 컴퓨팅 자원을 확보하여 효율적인 인프라 운영을 가능하게 합니다. 이는 특히 트랜잭션 폭증에 대비하거나 실시간 분석을 필요로 하는 경우에 유리합니다.","""증권ŸIPO, 이벤트 , 프로모션 등 트랜잭션 폭증에 대비한 효율적인 인프라 운영을 위해 클라우드 이용"" - 금융 디지털 및 신기술 보안"
금융보안일반,전자금융보안,"금융권에서 인공지능(AI)을 활용한 보안관제 시스템의 주요 기능으로 가장 적절한 것은?
1 고객 데이터 분석
2 금융 사이버 위협 탐지 및 대응 자동화
3 금융 상품 추천
4 거래 내역 기록",2 금융 사이버 위협 탐지 및 대응 자동화,"인공지능 기반 보안관제 시스템은 금융 사이버 위협을 탐지하고, 공격자의 전술 및 기법을 예측하여 분석 및 대응 프로세스를 자동화함으로써 보안관제의 성능을 개선합니다. 이는 금융권의 보안 위협에 대한 대응력을 높이는 데 중요한 역할을 합니다.","""인공지능 기반 보안관제 시스템 구축: 금융 사이버 위협 탐지의 정탐률과 관련 공격자의 전술‧기법‧절차 등에 대해 인공지능 기반으로 예측하고 분석 및 대응 프로세스를 자동화함으로써 보안관제 성능을 개선한다."" - 클라우드 및 인공지능"
금융보안일반,전자금융보안,"다음 중 IoT 융합서비스에 대한 설명으로 가장 적절한 것은?
1 IoT 융합서비스는 전통적 IT기기와 무관하다.
2 IoT 기술은 스마트시티와 같은 공공 서비스에 적용되지 않는다.
3 IoT 융합서비스는 다양한 산업 분야에 적용될 수 있다.
4 IoT 기기는 보안 설정이 필요하지 않다.",3 IoT 융합서비스는 다양한 산업 분야에 적용될 수 있다.,"IoT 융합서비스는 전통적 IT기기를 넘어 다양한 일상의 장치들까지 인터넷으로 연결하여 다양한 산업 분야에 적용될 수 있다. 스마트시티와 같은 공공 서비스에도 IoT 기술이 적용되며, IoT 기기는 보안 설정이 필요하다. 따라서 IoT 융합서비스는 다양한 산업 분야에 적용될 수 있는 기술이다.","""IoT는 사람과 사물 혹은 사물과 사물 간의 연결이 허용된 이른바 ‘초연결 사회’를 구축하는 원동력으로 평가될 수 있으며 홈 가전, 의료, 교통 등 다양한 산업 분야에 적용되고 있다."""
금융보안일반,전자금융보안,"다음 중 IoT 및 데이터 분석에 대한 설명으로 가장 적절한 것은?
1 IoT 기술은 가상 공간에서만 존재한다.
2 IoT 융합서비스는 데이터 분석을 통해 안전한 서비스 이용이 가능하다.
3 IoT 기술은 개인정보보호 문제와 관련이 없다.
4 IoT 기술은 미래에만 영향을 미칠 것이다.",2 IoT 융합서비스는 데이터 분석을 통해 안전한 서비스 이용이 가능하다.,"IoT 기술은 이미 실생활과 융합하여 다양한 서비스를 제공하고 있으며, 이러한 서비스들은 데이터를 생성하고 분석하여 안전하고 편리하게 이용할 수 있다. 따라서 IoT 융합서비스는 데이터 분석을 통해 안전한 서비스 이용이 가능하다.",IoT 및 데이터 분석 관련 자료
금융보안일반,전자금융보안,"다음 중 NFT(Non-Fungible Token)의 특징으로 옳지 않은 것은?
1 NFT는 위조가 어렵다.
2 NFT는 추적이 용이하다.
3 NFT는 부분 소유가 가능하다.
4 NFT는 대체가 용이하다.",4 NFT는 대체가 용이하다.,"NFT는 대체 불가능한 토큰으로, 각 토큰이 고유한 가치를 지니고 있어 다른 토큰과의 교환이 불가능하다. 이는 NFT의 가장 큰 특징 중 하나로, 대체가 용이하지 않다.",NFT(Non-Fungible Token)
금융보안일반,전자금융보안,"금융권에서 디지털 신기술을 활용한 전자금융서비스 출시 시 고려해야 할 보안 위협으로 가장 적절한 것은?
1 고객의 개인정보 유출
2 서비스의 편리성 증가
3 기업 간 서비스 격차 감소
4 전자금융서비스의 다양성 증가",1 고객의 개인정보 유출,"디지털 신기술을 활용한 전자금융서비스는 편리성을 제공하지만, 이면에 고객의 개인정보 유출과 같은 보안 위협이 존재한다. 따라서 금융회사는 이러한 보안 위협을 사전에 평가하고 제거하는 노력이 필요하다.",금융 디지털 및 신기술 보안
금융보안일반,전자금융보안,"금융 메타버스 환경에서 보안 강화를 위해 가장 중요한 요소는 무엇인가?
1 사용자 경험 향상
2 가상 자산의 가치 상승
3 보안 관리 절차 수립
4 메타버스 플랫폼의 다양성",3 보안 관리 절차 수립,금융 메타버스 환경에서는 보안 관리 절차를 수립하여 실행함으로써 전자금융서비스를 안전하게 보호하는 것이 중요하다. 이는 보안 취약점에 노출되지 않도록 시스템을 평가하고 관리하는 통제와 관련이 있다.,금융 디지털 및 신기술 보안
금융보안일반,전자금융보안,"다음 중 '제로트러스트' 보안 모델의 핵심 요소로 가장 적절한 것은?
1 사용자 인증 절차 생략
2 네트워크 분할 및 통제
3 데이터 암호화 생략
4 모든 디바이스의 자동 승인",2 네트워크 분할 및 통제,"제로트러스트 보안 모델은 네트워크를 분할하여 통제하는 것이 중요하다. 이는 중요 자산을 마이크로 세그먼트로 나누어 악의적인 내부망 이동을 막고, 데이터 침해 사고 시 위협을 쉽게 배제하고 격리할 수 있게 한다.","제로트러스트 보안 모델의 구성요소 설명에서 인용.

---"
금융보안일반,전자금융보안,"다음 중 '디지털 신기술'을 활용한 금융 서비스의 보안 위협으로 가장 적절한 것은?
1 데이터 유출 가능성 감소
2 사용자 인증 절차 강화
3 전자금융 위협 증가
4 네트워크 안정성 향상",3 전자금융 위협 증가,"디지털 신기술을 활용한 금융 서비스는 편리함을 제공하지만, 그 이면에 전자금융 위협의 발생 가능성이 높아지는 단점이 있다. 따라서 금융회사는 보안에 대한 지속적인 고민을 통해 안전한 전자금융 환경을 만들어야 한다.",디지털 신기술을 활용한 전자금융서비스의 보안 위협 설명에서 인용.
금융보안일반,전자금융보안,"OSS(오픈소스 소프트웨어)의 보안 취약점에 대한 설명으로 옳지 않은 것은?
1 OSS는 소스코드가 공개되어 있어 취약점이 발생할 수 있다.
2 OSS의 취약점은 기업의 소프트웨어에도 영향을 미칠 수 있다.
3 OSS는 상용 소프트웨어보다 보안적으로 더 안전하다.
4 OSS의 취약점은 해커들에게 매력적인 공격 포인트가 될 수 있다.",3 OSS는 상용 소프트웨어보다 보안적으로 더 안전하다.,"OSS는 소스코드가 공개되어 있어 취약점이 발생할 수 있으며, 이러한 취약점은 기업의 소프트웨어에도 영향을 미칠 수 있다. 또한, OSS의 취약점은 해커들에게 매력적인 공격 포인트가 될 수 있다. 하지만 OSS가 상용 소프트웨어보다 보안적으로 더 안전하다는 것은 옳지 않다. 오히려 OSS는 보안적으로 미검증된 경우가 많아 상용 소프트웨어보다 더 많은 보안 취약점을 가질 수 있다.","OSS의 보안 취약점에 대한 설명, OSS의 보안적으로 미검증된 사례"
금융보안일반,전자금융보안,"다음 중 금융권에서 클라우드컴퓨팅 서비스를 도입한 사례로 적절하지 않은 것은?
1 보험사의 비대면 해피콜 서비스에 클라우드 AI 서비스 활용
2 증권사의 IPO 대비 트랜잭션 폭증을 위한 클라우드 이용
3 상호금융의 소규모 인력으로 퍼블릭 클라우드 활용
4 은행의 대출 심사에 블록체인 기술 활용",4 은행의 대출 심사에 블록체인 기술 활용,"보험사는 비대면 해피콜 서비스에 클라우드 AI 서비스를 활용하고, 증권사는 IPO 대비 트랜잭션 폭증을 위해 클라우드를 이용하며, 상호금융은 소규모 인력으로 퍼블릭 클라우드를 활용한다. 그러나 은행의 대출 심사에 블록체인 기술을 활용하는 것은 클라우드컴퓨팅 서비스 도입 사례가 아니다.","""구분 금융권 클라우드 도입 사례"" 섹션"
금융보안일반,전자금융보안,"다음 중 금융권에서 인공지능(AI)을 활용한 보안관제 시스템의 기능으로 옳지 않은 것은?
1 금융 사이버 위협 탐지의 정탐률 예측 및 분석
2 위협 인텔리전스 정보의 실시간 공유
3 프라이빗 클라우드 구축을 통한 효율성 및 확장성 향상
4 고객의 금융 거래 내역을 블록체인에 저장",4 고객의 금융 거래 내역을 블록체인에 저장,"금융권에서 인공지능(AI)을 활용한 보안관제 시스템은 금융 사이버 위협 탐지의 정탐률을 예측하고 분석하며, 위협 인텔리전스 정보를 실시간으로 공유하고, 프라이빗 클라우드를 구축하여 효율성과 확장성을 높인다. 그러나 고객의 금융 거래 내역을 블록체인에 저장하는 것은 AI 기반 보안관제 시스템의 기능이 아니다.","""인공지능 기반 보안관제 시스템 구축"" 섹션"
금융보안일반,전자금융보안,"다음 중 클라우드 및 인공지능(AI) 기반 서비스에 대한 설명으로 옳지 않은 것은?
1 AI 기술은 금융권에서 다양한 서비스에 활용되고 있다.
2 클라우드 기술은 데이터 저장과 처리에 유용하다.
3 AI 기반 서비스는 보안 위협이 전혀 없다.
4 신기술을 활용한 금융 서비스는 편리함과 함께 보안 문제도 존재한다.",3 AI 기반 서비스는 보안 위협이 전혀 없다.,"AI 기반 서비스는 편리함을 제공하지만, 보안 위협이 전혀 없다고 할 수는 없다. 신기술을 활용한 서비스는 보안 문제도 함께 존재하며, 이를 해결하기 위한 지속적인 보안 대책이 필요하다.","클라우드 및 인공지능, 인공지능(AI)기반 서비스"
금융보안일반,전자금융보안,"다음 중 클라우드 및 인공지능(AI) 기반 보안관제에 대한 설명으로 가장 적절한 것은?
1 클라우드 기반 보안관제는 금융 사이버 위협 탐지에 사용되지 않는다.
2 AI 기반 보안관제는 정탐률을 높이고 대응 프로세스를 자동화한다.
3 프라이빗 클라우드는 금융권에서 사용되지 않는다.
4 AI 기반 보안관제는 빅데이터를 활용하지 않는다.",2 AI 기반 보안관제는 정탐률을 높이고 대응 프로세스를 자동화한다.,"클라우드 기반 보안관제는 금융 사이버 위협 탐지에 사용되며, 프라이빗 클라우드는 금융권에서도 사용된다. AI 기반 보안관제는 빅데이터를 활용하여 정탐률을 높이고 대응 프로세스를 자동화한다.","클라우드 및 인공지능, AI기반 보안관제"
금융보안일반,전자금융보안,"다음 중 금융 디지털 및 신기술 보안에 대한 설명으로 가장 적절한 것은?
1 전자금융서비스의 보안은 기술적 통제만으로 충분하다.
2 디지털 트랜스포메이션은 금융권에서 큰 변화를 일으키지 않았다.
3 전자금융데이터 보안을 위해서는 보안관리 절차 수립이 중요하다.
4 블록체인 기술은 금융권에서 사용되지 않는다.",3 전자금융데이터 보안을 위해서는 보안관리 절차 수립이 중요하다.,전자금융서비스의 보안은 기술적 통제뿐만 아니라 보안관리 절차를 수립하여 실행하는 것이 중요하다. 이는 전자금융서비스를 안전하게 보호할 수 있는 통제 방법 중 하나이다. 따라서 전자금융데이터 보안을 위해서는 보안관리 절차 수립이 중요하다.,전자금융거래 보호를 위해서 전자금융서비스에 대한 보안기술을 이용한 보안통제도 중요하지만 보안관리 절차를 수립하여 실행함으로서 전자금융서비스를 안전하게 보호할 수 있는 통제 또한 중요하다.
금융보안일반,전자금융보안,"다음 중 금융권에서 메타버스를 활용하는 이유로 가장 적절한 것은?
1 메타버스를 통해 새로운 금융서비스 채널을 확보하기 위해서
2 메타버스를 통해 기존의 모든 금융 시스템을 대체하기 위해서
3 메타버스를 통해 모든 금융 데이터를 오프라인으로 전환하기 위해서
4 메타버스를 통해 금융 거래의 속도를 느리게 하기 위해서",1 메타버스를 통해 새로운 금융서비스 채널을 확보하기 위해서,"금융회사들이 메타버스를 주목하는 이유는 메타버스를 통해 새로운 금융서비스 채널을 확보하고, MZ세대와 같은 미래의 잠재 고객을 확대하며, 메타버스 생태계에서 신규 금융서비스를 만들어 수익을 창출하기 위해서이다. 메타버스는 인터넷과 모바일에 이은 혁신적인 디지털 채널로 기대되고 있다.","""금융회사들은 은행을 선두로 메타버스 활용을 적극적으로 검토하고 있다. 금융회사들이 메타버스를 주목하는 이유는 다음과 같다. 첫째, 메타버스라는 신규 인터페이스를 통해 금융서비스 채널을 확보하기 위해서다."""
금융보안일반,전자금융보안,"다음 중 금융권에서 디지털 신기술을 활용한 서비스의 도입과 관련된 보안 위협으로 가장 적절한 것은?
1 데이터 유출
2 서비스 지연
3 고객 불만
4 비용 증가",1 데이터 유출,"디지털 신기술을 활용한 서비스 도입은 편리함을 제공하지만, 그 이면에는 데이터 유출과 같은 보안 위협이 존재한다. 특히 금융권에서는 고객의 민감한 정보가 다루어지기 때문에 데이터 유출의 위험이 크다.",금융 디지털 및 신기술 보안
금융보안일반,전자금융보안,"제로트러스트 보안 모델의 구성 요소 중 사용자 인증과 관련된 부분은 무엇인가?
1 제로트러스트 네트워크
2 제로트러스트 사람
3 제로트러스트 디바이스
4 가시성 및 분석",2 제로트러스트 사람,"제로트러스트 보안 모델에서 사용자 인증과 관련된 부분은 '제로트러스트 사람'이다. 이는 사용자 이름과 비밀번호만으로는 충분하지 않으며, 강화된 접근 제어가 필요함을 의미한다.",제로트러스트
금융보안일반,전자금융보안,"다음 중 전자금융데이터 보안에 대한 설명으로 가장 적절한 것은?
1 전자금융데이터는 암호화 없이 저장해도 안전하다.
2 전자금융데이터는 물리적 데이터만 보호하면 된다.
3 전자금융데이터는 암호화를 통해 노출을 방지할 수 있다.
4 전자금융데이터는 보호 대상이 아니므로 별도의 보안 조치가 필요 없다.",3 전자금융데이터는 암호화를 통해 노출을 방지할 수 있다.,"전자금융데이터는 암호화를 통해 노출을 방지할 수 있으며, 데이터가 유출되더라도 암호화되어 있어 안전하게 보호된다. 따라서 전자금융데이터의 보안을 위해 암호화는 필수적이다.","전자금융데이터 보안, 전자금융데이터 암호화 관련 규정"
금융보안일반,전자금융보안,"다음 중 전산자료 보안에 포함되지 않는 것은?
1 금융전산자료 보호대책
2 네트워크 접근통제 (NAC)
3 문서 암호화
4 블록체인과 가상화폐",4 블록체인과 가상화폐,"전산자료 보안에는 금융전산자료 보호대책, 네트워크 접근통제 (NAC), 문서 암호화 등이 포함되며, 블록체인과 가상화폐는 전산자료 보안의 범주에 포함되지 않는다.","전자금융데이터 보안, 전산자료 보안, 문서 암호화"
금융보안일반,전자금융보안,"다음 중 전자금융데이터 유출 방지를 위한 보안통제 단계에 해당하지 않는 것은?
1 접근
2 저장
3 전송
4 삭제",4 삭제,"전자금융데이터 유출 방지를 위해 금융회사는 접근, 저장, 전송 단계별로 보안통제를 수립하고 관리해야 합니다. 삭제는 유출 방지를 위한 보안통제 단계에 포함되지 않습니다.","전자금융데이터 보안 (금융보안원, 2019)"
금융보안일반,전자금융보안,"전자금융데이터 보안에 대한 설명으로 옳은 것은?
1 전자금융데이터는 암호화 없이 저장해도 안전하다.
2 전자금융데이터는 무선통신망을 통해 전송할 때 암호화가 필요 없다.
3 전자금융데이터는 정형 데이터와 비정형 데이터 모두 암호화 방식이 동일하다.
4 전자금융데이터는 암호화를 통해 유출되더라도 안전하게 보호될 수 있다.",4 전자금융데이터는 암호화를 통해 유출되더라도 안전하게 보호될 수 있다.,전자금융데이터는 암호화를 통해 유출되더라도 안전하게 보호될 수 있다. 이는 데이터가 유출되더라도 암호화되어 있어 무단으로 접근하거나 해독하기 어렵기 때문이다. 따라서 전자금융데이터의 보안을 위해서는 암호화가 필수적이다.,"전자금융데이터 보안, 전자금융데이터 암호화"
금융보안일반,전자금융보안,"블록체인 기술의 특징으로 옳지 않은 것은?
1 블록체인은 중앙집중형 시스템 운영이 필요하다.
2 블록체인은 거래내역의 무결성을 보장한다.
3 블록체인은 분산형 네트워크에서 거래가 가능하다.
4 블록체인은 모든 거래기록에 공개적 접근이 가능하다.",1 블록체인은 중앙집중형 시스템 운영이 필요하다.,"블록체인은 중앙집중형 시스템 운영이 필요하지 않다. 블록체인은 분산형 네트워크(P2P) 환경에서 거래가 가능하며, 중앙집중형 시스템 운영, 유지보수 등의 비용을 절감할 수 있다. 또한, 블록체인은 거래내역의 무결성을 보장하고, 모든 거래기록에 공개적 접근이 가능하다.","블록체인과 가상화폐, 블록체인의 특징"
금융보안일반,전자금융보안,"전자금융데이터의 보안 대책으로 적절하지 않은 것은?
1 전자금융데이터 암호화
2 무선통신망 이용 시 암호화
3 마케팅 전략 강화
4 개인(신용)정보의 기술적 보호 조치",3 전자금융데이터의 비암호화 저장,"전자금융데이터의 보안 대책으로는 전자금융데이터 암호화, 무선통신망 이용 시 암호화, 개인(신용)정보의 기술적 보호 조치 등이 있다. 전자금융데이터를 비암호화 상태로 저장하는 것은 보안 대책으로 적절하지 않다.",전자금융데이터 보안
금융보안일반,전자금융보안,"다크웹에서 주로 거래되는 해킹 도구와 관련된 설명으로 옳지 않은 것은?
1 다크웹에서는 해킹 도구를 거래할 수 있다.
2 다크웹을 통해 랜섬웨어 공격을 수행할 수 있다.
3 다크웹에서는 해킹 도구를 무료로 제공한다.
4 다크웹에서 거래된 도구로 표적형 공격이 이루어진다.",3 다크웹에서는 해킹 도구를 무료로 제공한다.,"다크웹에서는 해킹 도구를 거래할 수 있으며, 이를 통해 랜섬웨어 공격을 수행하거나 표적형 공격을 할 수 있다. 그러나 다크웹에서 해킹 도구를 무료로 제공하는 것은 일반적이지 않다.",다크웹과 표적형 공격
금융보안일반,전자금융보안,"전자금융데이터 보안에서 전자금융거래의 안전성과 신뢰성을 확보하기 위해 금융회사가 준수해야 하는 법규는 무엇인가?
1 전자금융거래법 제21조
2 개인정보 보호법 제29조
3 전자금융감독규정 제15조
4 금융부문 암호기술 활용 가이드",1 전자금융거래법 제21조,전자금융거래의 안전성과 신뢰성을 확보하기 위해 금융회사는 전자금융거래법 제21조를 준수해야 한다. 이는 전자금융거래의 보안과 관련된 기준을 명시하고 있다.,전자금융데이터 보안 관련 규정
금융보안일반,전자금융보안,"금융 포렌식의 주요 목표 중 하나로 올바른 것은?
1 디지털 기기의 성능 향상
2 디지털 증거의 법적 효력 확보
3 금융 데이터의 암호화
4 금융 거래의 자동화",2 디지털 증거의 법적 효력 확보,금융 포렌식의 주요 목표 중 하나는 디지털 증거를 법적 분쟁 과정에서 증거로 채택될 수 있도록 확보하는 것이다. 이는 디지털 포렌식 절차를 통해 이루어진다.,금융 포렌식 소개
금융보안일반,전자금융보안,"전자금융거래에서 데이터 암호화의 주요 목적은 무엇인가?
1 데이터 무결성 보장
2 데이터 기밀성 유지
3 데이터 가용성 확보
4 데이터 접근성 향상",2 데이터 기밀성 유지,"전자금융거래에서 데이터 암호화의 주요 목적은 데이터의 기밀성을 유지하는 것이다. 암호화를 통해 데이터가 전송 중에 도청되거나 불법적으로 접근되는 것을 방지할 수 있다. 데이터 무결성 보장은 데이터가 변경되지 않도록 하는 것이며, 데이터 가용성 확보는 데이터가 필요할 때 접근 가능하도록 하는 것이다. 데이터 접근성 향상은 데이터에 쉽게 접근할 수 있도록 하는 것을 의미한다.","""전자금융거래에서 데이터 암호화는 데이터의 기밀성을 유지하기 위한 주요 수단이다."""
